{"perplexity":-3.7183847183530983,"_timestamp":1.736366147248013e+09,"_wandb":{"runtime":1},"_runtime":1.7374028,"_step":0}