{"_step":0,"_wandb":{"runtime":1},"perplexity":-3.7183847183530983,"_timestamp":1.7363664291430237e+09,"_runtime":1.6986208}