{"_runtime":1.6816958,"_step":0,"_wandb":{"runtime":1},"perplexity":-3.7183847183530983,"_timestamp":1.736367356827814e+09}