{"perplexity":-3.7183847183530983,"_timestamp":1.7363655842814684e+09,"_runtime":4.7170204,"_step":0,"_wandb":{"runtime":4}}